{
  "required": true,
  "minVersion": "0.8.2",
  "package": "appeng.mixins",
  "compatibilityLevel": "JAVA_11",
  "plugin": "appeng.mixins.ConfigPlugin",
  "mixins": [
    "chunkloading.ChunkMapMixin",
    "chunkloading.MinecraftServerMixin",
    "chunkloading.ServerLevelMixin",
    "spatial.MinecraftServerMixin",
    "AnvilMenuMixin",
    "EarlyStartupMixin",
    "EnchantmentHelperMixin",
    "DynamicLadderMixin",
    "ItemEntityMixin",
    "OnNeighborUpdateMixin",
    "BreakSpeedMixin",
    "AnnihilationPlaneEnchantmentMixin",
    "tests.StructureUtilsMixin",
    "StructureTemplateMixin",
    "UnbreakingMixin"
  ],
  "client": [
    "spatial.SkyRenderMixin",
    "spatial.SkyPropertiesMixin",
    "unlitquad.ModelManagerMixin",
    "unlitquad.BlockModelMixin",
    "unlitquad.BlockPartFaceDeserializerMixin",
    "AbstractContainerScreenMixin",
    "BlockBreakParticleMixin",
    "MouseWheelMixin",
    "GuiGraphicsMixin",
    "WrappedGenericStackTooltipModIdMixin",
    "ResizableSlotHighlightMixin",
    "PickColorMixin",
    "PonderWorldMixin",
    "VariantDeserializerMixin"
  ],
  "server": [],
  "injectors": {
    "defaultRequire": 1
  },
  "refmap": "appliedenergistics2-fabric-refmap.json"
}