{
  "mappings": {
    "appeng/mixins/AbstractContainerScreenMixin": {
      "renderSlot": "Lnet/minecraft/class_465;method_2385(Lnet/minecraft/class_332;Lnet/minecraft/class_1735;)V"
    },
    "appeng/mixins/AnnihilationPlaneEnchantmentMixin": {
      "canEnchant": "Lnet/minecraft/class_1886$12;method_8177(Lnet/minecraft/class_1792;)Z",
      "net/minecraft/world/item/enchantment/EnchantmentCategory$7": "net/minecraft/class_1886$12"
    },
    "appeng/mixins/AnvilMenuMixin": {
      "createResult": "Lnet/minecraft/class_1706;method_24928()V",
      "net/minecraft/world/item/ItemStack.isDamageableItem()Z": "Lnet/minecraft/class_1799;method_7963()Z"
    },
    "appeng/mixins/BlockBreakParticleMixin": {
      "Lnet/minecraft/client/particle/ParticleEngine;crack(Lnet/minecraft/core/BlockPos;Lnet/minecraft/core/Direction;)V": "Lnet/minecraft/class_702;method_3054(Lnet/minecraft/class_2338;Lnet/minecraft/class_2350;)V",
      "continueAttack": "Lnet/minecraft/class_310;method_1590(Z)V"
    },
    "appeng/mixins/BreakSpeedMixin": {
      "getDestroySpeed": "Lnet/minecraft/class_1657;method_7351(Lnet/minecraft/class_2680;)F"
    },
    "appeng/mixins/DynamicLadderMixin": {
      "onClimbable": "Lnet/minecraft/class_1309;method_6101()Z"
    },
    "appeng/mixins/EarlyStartupMixin": {
      "bootStrap": "Lnet/minecraft/class_2966;method_12851()V"
    },
    "appeng/mixins/EnchantmentHelperMixin": {
      "getItemEnchantmentLevel": "Lnet/minecraft/class_1890;method_8225(Lnet/minecraft/class_1887;Lnet/minecraft/class_1799;)I"
    },
    "appeng/mixins/GuiGraphicsMixin": {
      "Lnet/minecraft/client/gui/GuiGraphics;renderItem(Lnet/minecraft/world/entity/LivingEntity;Lnet/minecraft/world/level/Level;Lnet/minecraft/world/item/ItemStack;IIII)V": "Lnet/minecraft/class_332;method_51425(Lnet/minecraft/class_1309;Lnet/minecraft/class_1937;Lnet/minecraft/class_1799;IIII)V"
    },
    "appeng/mixins/ItemEntityMixin": {
      "hurt": "Lnet/minecraft/class_1542;method_5643(Lnet/minecraft/class_1282;F)Z",
      "tick": "Lnet/minecraft/class_1542;method_5773()V"
    },
    "appeng/mixins/MouseWheelMixin": {
      "Lnet/minecraft/world/entity/player/Inventory;swapPaint(D)V": "Lnet/minecraft/class_1661;method_7373(D)V",
      "onScroll": "Lnet/minecraft/class_312;method_1598(JDD)V"
    },
    "appeng/mixins/OnNeighborUpdateMixin": {
      "Lnet/minecraft/world/level/Level;getBlockState(Lnet/minecraft/core/BlockPos;)Lnet/minecraft/world/level/block/state/BlockState;": "Lnet/minecraft/class_1937;method_8320(Lnet/minecraft/class_2338;)Lnet/minecraft/class_2680;",
      "updateNeighbourForOutputSignal": "Lnet/minecraft/class_1937;method_8455(Lnet/minecraft/class_2338;Lnet/minecraft/class_2248;)V"
    },
    "appeng/mixins/PickColorMixin": {
      "pickBlock": "Lnet/minecraft/class_310;method_1511()V"
    },
    "appeng/mixins/ResizableSlotHighlightMixin": {
      "renderSlotHighlight": "Lnet/minecraft/class_465;method_33285(Lnet/minecraft/class_332;III)V"
    },
    "appeng/mixins/StructureTemplateMixin": {
      "fillFromWorld": "Lnet/minecraft/class_3499;method_15174(Lnet/minecraft/class_1937;Lnet/minecraft/class_2338;Lnet/minecraft/class_2382;ZLnet/minecraft/class_2248;)V"
    },
    "appeng/mixins/UnbreakingMixin": {
      "canEnchant": "Lnet/minecraft/class_1885;method_8192(Lnet/minecraft/class_1799;)Z"
    },
    "appeng/mixins/VariantDeserializerMixin": {
      "deserialize": "Lnet/minecraft/class_813$class_814;method_3513(Lcom/google/gson/JsonElement;Ljava/lang/reflect/Type;Lcom/google/gson/JsonDeserializationContext;)Lnet/minecraft/class_813;"
    },
    "appeng/mixins/WrappedGenericStackTooltipModIdMixin": {
      "getTooltipFromItem": "Lnet/minecraft/class_437;method_25408(Lnet/minecraft/class_310;Lnet/minecraft/class_1799;)Ljava/util/List;"
    },
    "appeng/mixins/chunkloading/ChunkMapMixin": {
      "anyPlayerCloseEnoughForSpawning": "Lnet/minecraft/class_3898;method_38783(Lnet/minecraft/class_1923;)Z"
    },
    "appeng/mixins/chunkloading/MinecraftServerMixin": {
      "prepareLevels": "Lnet/minecraft/server/MinecraftServer;method_3774(Lnet/minecraft/class_3949;)V"
    },
    "appeng/mixins/chunkloading/ServerLevelMixin": {
      "setChunkForced": "Lnet/minecraft/class_3218;method_17988(IIZ)Z"
    },
    "appeng/mixins/spatial/MinecraftServerMixin": {
      "createLevels": "Lnet/minecraft/server/MinecraftServer;method_3786(Lnet/minecraft/class_3949;)V"
    },
    "appeng/mixins/spatial/SkyPropertiesMixin": {
      "<clinit>": "Lnet/minecraft/class_5294;<clinit>()V"
    },
    "appeng/mixins/spatial/SkyRenderMixin": {
      "renderSky(Lcom/mojang/blaze3d/vertex/PoseStack;Lorg/joml/Matrix4f;FLnet/minecraft/client/Camera;ZLjava/lang/Runnable;)V": "Lnet/minecraft/class_761;method_3257(Lnet/minecraft/class_4587;Lorg/joml/Matrix4f;FLnet/minecraft/class_4184;ZLjava/lang/Runnable;)V"
    },
    "appeng/mixins/tests/StructureUtilsMixin": {
      "createStructureBlock": "Lnet/minecraft/class_4525;method_22252(Ljava/lang/String;Lnet/minecraft/class_2338;Lnet/minecraft/class_2470;Lnet/minecraft/class_3218;Z)Lnet/minecraft/class_2633;",
      "getStructureTemplate": "Lnet/minecraft/class_4525;method_22369(Ljava/lang/String;Lnet/minecraft/class_3218;)Lnet/minecraft/class_3499;"
    },
    "appeng/mixins/unlitquad/BlockModelMixin": {
      "bakeFace": "Lnet/minecraft/class_793;method_3447(Lnet/minecraft/class_785;Lnet/minecraft/class_783;Lnet/minecraft/class_1058;Lnet/minecraft/class_2350;Lnet/minecraft/class_3665;Lnet/minecraft/class_2960;)Lnet/minecraft/class_777;"
    }
  },
  "data": {
    "named:intermediary": {
      "appeng/mixins/AbstractContainerScreenMixin": {
        "renderSlot": "Lnet/minecraft/class_465;method_2385(Lnet/minecraft/class_332;Lnet/minecraft/class_1735;)V"
      },
      "appeng/mixins/AnnihilationPlaneEnchantmentMixin": {
        "canEnchant": "Lnet/minecraft/class_1886$12;method_8177(Lnet/minecraft/class_1792;)Z",
        "net/minecraft/world/item/enchantment/EnchantmentCategory$7": "net/minecraft/class_1886$12"
      },
      "appeng/mixins/AnvilMenuMixin": {
        "createResult": "Lnet/minecraft/class_1706;method_24928()V",
        "net/minecraft/world/item/ItemStack.isDamageableItem()Z": "Lnet/minecraft/class_1799;method_7963()Z"
      },
      "appeng/mixins/BlockBreakParticleMixin": {
        "Lnet/minecraft/client/particle/ParticleEngine;crack(Lnet/minecraft/core/BlockPos;Lnet/minecraft/core/Direction;)V": "Lnet/minecraft/class_702;method_3054(Lnet/minecraft/class_2338;Lnet/minecraft/class_2350;)V",
        "continueAttack": "Lnet/minecraft/class_310;method_1590(Z)V"
      },
      "appeng/mixins/BreakSpeedMixin": {
        "getDestroySpeed": "Lnet/minecraft/class_1657;method_7351(Lnet/minecraft/class_2680;)F"
      },
      "appeng/mixins/DynamicLadderMixin": {
        "onClimbable": "Lnet/minecraft/class_1309;method_6101()Z"
      },
      "appeng/mixins/EarlyStartupMixin": {
        "bootStrap": "Lnet/minecraft/class_2966;method_12851()V"
      },
      "appeng/mixins/EnchantmentHelperMixin": {
        "getItemEnchantmentLevel": "Lnet/minecraft/class_1890;method_8225(Lnet/minecraft/class_1887;Lnet/minecraft/class_1799;)I"
      },
      "appeng/mixins/GuiGraphicsMixin": {
        "Lnet/minecraft/client/gui/GuiGraphics;renderItem(Lnet/minecraft/world/entity/LivingEntity;Lnet/minecraft/world/level/Level;Lnet/minecraft/world/item/ItemStack;IIII)V": "Lnet/minecraft/class_332;method_51425(Lnet/minecraft/class_1309;Lnet/minecraft/class_1937;Lnet/minecraft/class_1799;IIII)V"
      },
      "appeng/mixins/ItemEntityMixin": {
        "hurt": "Lnet/minecraft/class_1542;method_5643(Lnet/minecraft/class_1282;F)Z",
        "tick": "Lnet/minecraft/class_1542;method_5773()V"
      },
      "appeng/mixins/MouseWheelMixin": {
        "Lnet/minecraft/world/entity/player/Inventory;swapPaint(D)V": "Lnet/minecraft/class_1661;method_7373(D)V",
        "onScroll": "Lnet/minecraft/class_312;method_1598(JDD)V"
      },
      "appeng/mixins/OnNeighborUpdateMixin": {
        "Lnet/minecraft/world/level/Level;getBlockState(Lnet/minecraft/core/BlockPos;)Lnet/minecraft/world/level/block/state/BlockState;": "Lnet/minecraft/class_1937;method_8320(Lnet/minecraft/class_2338;)Lnet/minecraft/class_2680;",
        "updateNeighbourForOutputSignal": "Lnet/minecraft/class_1937;method_8455(Lnet/minecraft/class_2338;Lnet/minecraft/class_2248;)V"
      },
      "appeng/mixins/PickColorMixin": {
        "pickBlock": "Lnet/minecraft/class_310;method_1511()V"
      },
      "appeng/mixins/ResizableSlotHighlightMixin": {
        "renderSlotHighlight": "Lnet/minecraft/class_465;method_33285(Lnet/minecraft/class_332;III)V"
      },
      "appeng/mixins/StructureTemplateMixin": {
        "fillFromWorld": "Lnet/minecraft/class_3499;method_15174(Lnet/minecraft/class_1937;Lnet/minecraft/class_2338;Lnet/minecraft/class_2382;ZLnet/minecraft/class_2248;)V"
      },
      "appeng/mixins/UnbreakingMixin": {
        "canEnchant": "Lnet/minecraft/class_1885;method_8192(Lnet/minecraft/class_1799;)Z"
      },
      "appeng/mixins/VariantDeserializerMixin": {
        "deserialize": "Lnet/minecraft/class_813$class_814;method_3513(Lcom/google/gson/JsonElement;Ljava/lang/reflect/Type;Lcom/google/gson/JsonDeserializationContext;)Lnet/minecraft/class_813;"
      },
      "appeng/mixins/WrappedGenericStackTooltipModIdMixin": {
        "getTooltipFromItem": "Lnet/minecraft/class_437;method_25408(Lnet/minecraft/class_310;Lnet/minecraft/class_1799;)Ljava/util/List;"
      },
      "appeng/mixins/chunkloading/ChunkMapMixin": {
        "anyPlayerCloseEnoughForSpawning": "Lnet/minecraft/class_3898;method_38783(Lnet/minecraft/class_1923;)Z"
      },
      "appeng/mixins/chunkloading/MinecraftServerMixin": {
        "prepareLevels": "Lnet/minecraft/server/MinecraftServer;method_3774(Lnet/minecraft/class_3949;)V"
      },
      "appeng/mixins/chunkloading/ServerLevelMixin": {
        "setChunkForced": "Lnet/minecraft/class_3218;method_17988(IIZ)Z"
      },
      "appeng/mixins/spatial/MinecraftServerMixin": {
        "createLevels": "Lnet/minecraft/server/MinecraftServer;method_3786(Lnet/minecraft/class_3949;)V"
      },
      "appeng/mixins/spatial/SkyPropertiesMixin": {
        "<clinit>": "Lnet/minecraft/class_5294;<clinit>()V"
      },
      "appeng/mixins/spatial/SkyRenderMixin": {
        "renderSky(Lcom/mojang/blaze3d/vertex/PoseStack;Lorg/joml/Matrix4f;FLnet/minecraft/client/Camera;ZLjava/lang/Runnable;)V": "Lnet/minecraft/class_761;method_3257(Lnet/minecraft/class_4587;Lorg/joml/Matrix4f;FLnet/minecraft/class_4184;ZLjava/lang/Runnable;)V"
      },
      "appeng/mixins/tests/StructureUtilsMixin": {
        "createStructureBlock": "Lnet/minecraft/class_4525;method_22252(Ljava/lang/String;Lnet/minecraft/class_2338;Lnet/minecraft/class_2470;Lnet/minecraft/class_3218;Z)Lnet/minecraft/class_2633;",
        "getStructureTemplate": "Lnet/minecraft/class_4525;method_22369(Ljava/lang/String;Lnet/minecraft/class_3218;)Lnet/minecraft/class_3499;"
      },
      "appeng/mixins/unlitquad/BlockModelMixin": {
        "bakeFace": "Lnet/minecraft/class_793;method_3447(Lnet/minecraft/class_785;Lnet/minecraft/class_783;Lnet/minecraft/class_1058;Lnet/minecraft/class_2350;Lnet/minecraft/class_3665;Lnet/minecraft/class_2960;)Lnet/minecraft/class_777;"
      }
    }
  }
}