{
  "parent": "ae2:item/part_base",
  "textures": {
    "all": "ae2:part/cable_anchor",
    "particle": "ae2:part/cable_anchor"
  },
  "elements": [
    {
      "from": [7.0, 7.0, 5.0],
      "to": [9.0, 9.0, 11.0],
      "faces": {
        "north": {
          "texture": "#all"
        },
        "east": {
          "texture": "#all"
        },
        "south": {
          "texture": "#all"
        },
        "west": {
          "texture": "#all"
        },
        "up": {
          "texture": "#all"
        },
        "down": {
          "texture": "#all"
        }
      }
    }
  ]
}
