{
  "parent": "block/block",
  "textures": {
    "wood": "ae2:block/crank",
    "particle": "ae2:block/crank"
  },
  "elements": [
    {
      "name": "Crank Shaft",
      "from": [7.2, 0.1, 7.2],
      "to": [8.8, 9.7, 8.8],
      "faces": {
        "north": { "uv": [7.2, 6.3, 8.8, 15.9], "texture": "#wood" },
        "east": { "uv": [7.2, 6.3, 8.8, 15.9], "texture": "#wood" },
        "south": { "uv": [7.2, 6.3, 8.8, 15.9], "texture": "#wood" },
        "west": { "uv": [7.2, 6.3, 8.8, 15.9], "texture": "#wood" },
        "up": { "uv": [7.2, 7.2, 8.8, 8.8], "texture": "#wood" },
        "down": { "uv": [7.2, 7.2, 8.8, 8.8], "texture": "#wood" }
      }
    },
    {
      "name": "Crank Handle",
      "from": [8.8, 8.1, 7.2],
      "to": [13.6, 9.7, 8.8],
      "faces": {
        "north": { "uv": [2.4, 6.3, 7.2, 7.9], "texture": "#wood" },
        "east": { "uv": [7.2, 6.3, 8.8, 7.9], "texture": "#wood" },
        "south": { "uv": [8.8, 6.3, 13.6, 7.9], "texture": "#wood" },
        "west": { "uv": [7.2, 6.3, 8.8, 7.9], "texture": "#wood" },
        "up": { "uv": [8.8, 7.2, 13.6, 8.8], "texture": "#wood" },
        "down": { "uv": [8.8, 7.2, 13.6, 8.8], "texture": "#wood" }
      }
    },
    {
      "name": "Crank Base",
      "from": [6, 0, 6],
      "to": [10, 3, 10],
      "faces": {
        "north": { "uv": [0, 0, 3, 4], "rotation": 270, "texture": "#wood" },
        "east": { "uv": [0, 0, 3, 4], "rotation": 270, "texture": "#wood" },
        "south": { "uv": [0, 0, 3, 4], "rotation": 270, "texture": "#wood" },
        "west": { "uv": [0, 0, 3, 4], "rotation": 270, "texture": "#wood" },
        "up": { "uv": [3, 0, 7, 4], "texture": "#wood" },
        "down": { "uv": [7, 0, 11, 4], "texture": "#wood" }
      }
    }
  ]
}
