{
  "elements": [
    {
      "faces": {
        "down": {
          "texture": "#metal"
        },
        "east": {
          "texture": "#metal"
        },
        "north": {
          "texture": "#metal"
        },
        "south": {
          "texture": "#metal"
        },
        "up": {
          "texture": "#metal"
        },
        "west": {
          "texture": "#metal"
        }
      },
      "from": [6.0, 3.0, 6.0],
      "name": "Middle Plate",
      "to": [10.0, 4.0, 10.0]
    },
    {
      "faces": {
        "down": {
          "texture": "#quartz"
        },
        "east": {
          "texture": "#quartz"
        },
        "north": {
          "texture": "#quartz"
        },
        "south": {
          "texture": "#quartz"
        },
        "up": {
          "texture": "#quartz"
        },
        "west": {
          "texture": "#quartz"
        }
      },
      "from": [7.0, 1.0, 7.0],
      "name": "Lower Quartz Block",
      "to": [9.0, 3.0, 9.0]
    },
    {
      "faces": {
        "down": {
          "texture": "#quartz"
        },
        "east": {
          "texture": "#quartz"
        },
        "north": {
          "texture": "#quartz"
        },
        "south": {
          "texture": "#quartz"
        },
        "up": {
          "texture": "#quartz"
        },
        "west": {
          "texture": "#quartz"
        }
      },
      "from": [8.0, 0.0, 8.0],
      "name": "Lower Quartz Tip",
      "to": [9.0, 1.0, 9.0]
    },
    {
      "faces": {
        "down": {
          "texture": "#quartz"
        },
        "east": {
          "texture": "#quartz"
        },
        "north": {
          "texture": "#quartz"
        },
        "south": {
          "texture": "#quartz"
        },
        "up": {
          "texture": "#quartz"
        },
        "west": {
          "texture": "#quartz"
        }
      },
      "from": [7.0, 4.0, 7.0],
      "name": "Upper Quartz Block",
      "to": [9.0, 6.0, 9.0]
    },
    {
      "faces": {
        "down": {
          "texture": "#quartz"
        },
        "east": {
          "texture": "#quartz"
        },
        "north": {
          "texture": "#quartz"
        },
        "south": {
          "texture": "#quartz"
        },
        "up": {
          "texture": "#quartz"
        },
        "west": {
          "texture": "#quartz"
        }
      },
      "from": [7.0, 6.0, 7.0],
      "name": "Upper Quartz Tip",
      "to": [8.0, 7.0, 8.0]
    },
    {
      "faces": {
        "down": {
          "texture": "#metal"
        },
        "east": {
          "texture": "#metal"
        },
        "north": {
          "texture": "#metal"
        },
        "south": {
          "texture": "#metal"
        },
        "up": {
          "texture": "#metal"
        },
        "west": {
          "texture": "#metal"
        }
      },
      "from": [6.0, 0.0, 6.0],
      "name": "NW Feet",
      "to": [7.0, 3.0, 7.0]
    },
    {
      "faces": {
        "down": {
          "texture": "#metal"
        },
        "east": {
          "texture": "#metal"
        },
        "north": {
          "texture": "#metal"
        },
        "south": {
          "texture": "#metal"
        },
        "up": {
          "texture": "#metal"
        },
        "west": {
          "texture": "#metal"
        }
      },
      "from": [6.0, 0.0, 9.0],
      "name": "NE Feet",
      "to": [7.0, 3.0, 10.0]
    },
    {
      "faces": {
        "down": {
          "texture": "#metal"
        },
        "east": {
          "texture": "#metal"
        },
        "north": {
          "texture": "#metal"
        },
        "south": {
          "texture": "#metal"
        },
        "up": {
          "texture": "#metal"
        },
        "west": {
          "texture": "#metal"
        }
      },
      "from": [9.0, 0.0, 6.0],
      "name": "SW Feet",
      "to": [10.0, 3.0, 7.0]
    },
    {
      "faces": {
        "down": {
          "texture": "#metal"
        },
        "east": {
          "texture": "#metal"
        },
        "north": {
          "texture": "#metal"
        },
        "south": {
          "texture": "#metal"
        },
        "up": {
          "texture": "#metal"
        },
        "west": {
          "texture": "#metal"
        }
      },
      "from": [9.0, 0.0, 9.0],
      "name": "SE Feet",
      "to": [10.0, 3.0, 10.0]
    }
  ],
  "textures": {
    "particle": "ae2:block/quartz_fixture",
    "metal": "ae2:block/quartz_fixture_metal",
    "quartz": "ae2:block/quartz_fixture"
  }
}
