{
  "credit": "Made with Blockbench",
  "parent": "minecraft:block/cube_all",
  "textures": {
    "0": "ae2:block/sky_stone_tank",
    "particle": "ae2:block/sky_stone_tank"
  },
  "elements": [
    {
      "from": [0, 0, 15],
      "to": [16, 2, 16],
      "faces": {
        "north": { "uv": [16, 16, 0, 14], "texture": "#0" },
        "east": { "uv": [15, 14, 16, 16], "texture": "#0" },
        "south": { "uv": [0, 14, 16, 16], "texture": "#0" },
        "west": { "uv": [0, 14, 1, 16], "texture": "#0" },
        "up": { "uv": [0, 14, 16, 15], "texture": "#0" },
        "down": { "uv": [0, 15, 16, 16], "texture": "#0" }
      }
    },
    {
      "from": [0, 14, 15],
      "to": [16, 16, 16],
      "faces": {
        "north": { "uv": [16, 2, 0, 0], "texture": "#0" },
        "east": { "uv": [15, 0, 16, 2], "texture": "#0" },
        "south": { "uv": [0, 0, 16, 2], "texture": "#0" },
        "west": { "uv": [0, 0, 1, 2], "texture": "#0" },
        "up": { "uv": [0, 0, 16, 1], "texture": "#0" },
        "down": { "uv": [0, 1, 16, 2], "texture": "#0" }
      }
    },
    {
      "name": "glass",
      "from": [2, 3, 15],
      "to": [4, 13, 16],
      "faces": {
        "north": { "uv": [12, 3, 14, 13], "texture": "#0" },
        "south": { "uv": [2, 13, 4, 3], "texture": "#0" }
      }
    },
    {
      "name": "glass",
      "from": [12, 3, 15],
      "to": [14, 13, 16],
      "faces": {
        "north": { "uv": [2, 3, 4, 13], "texture": "#0" },
        "south": { "uv": [12, 13, 14, 3], "texture": "#0" }
      }
    },
    {
      "name": "glass",
      "from": [4, 2, 15],
      "to": [12, 14, 16],
      "faces": {
        "north": { "uv": [4, 2, 12, 14], "texture": "#0" },
        "south": { "uv": [4, 14, 12, 2], "texture": "#0" }
      }
    },
    {
      "from": [0, 2, 15],
      "to": [2, 14, 16],
      "faces": {
        "north": { "uv": [2, 2, 0, 14], "texture": "#0" },
        "east": { "uv": [0, 2, 1, 14], "texture": "#0" },
        "south": { "uv": [0, 2, 2, 14], "texture": "#0" },
        "west": { "uv": [1, 2, 2, 14], "texture": "#0" },
        "up": { "uv": [0, 2, 2, 3], "texture": "#0" },
        "down": { "uv": [0, 13, 2, 14], "texture": "#0" }
      }
    },
    {
      "from": [14, 2, 15],
      "to": [16, 14, 16],
      "faces": {
        "north": { "uv": [16, 2, 14, 14], "texture": "#0" },
        "east": { "uv": [14, 2, 15, 14], "texture": "#0" },
        "south": { "uv": [14, 2, 16, 14], "texture": "#0" },
        "west": { "uv": [15, 2, 16, 14], "texture": "#0" },
        "up": { "uv": [14, 2, 16, 3], "texture": "#0" },
        "down": { "uv": [14, 13, 16, 14], "texture": "#0" }
      }
    },
    {
      "from": [2, 2, 15],
      "to": [4, 3, 16],
      "faces": {
        "north": { "uv": [14, 2, 12, 3], "texture": "#0" },
        "east": { "uv": [12, 2, 13, 3], "texture": "#0" },
        "south": { "uv": [12, 2, 14, 3], "texture": "#0" },
        "west": { "uv": [12, 2, 13, 3], "texture": "#0" },
        "up": { "uv": [12, 2, 14, 3], "texture": "#0" },
        "down": { "uv": [12, 2, 14, 3], "texture": "#0" }
      }
    },
    {
      "from": [12, 2, 15],
      "to": [14, 3, 16],
      "faces": {
        "north": { "uv": [12, 2, 14, 3], "texture": "#0" },
        "east": { "uv": [12, 2, 13, 3], "texture": "#0" },
        "south": { "uv": [12, 2, 14, 3], "texture": "#0" },
        "west": { "uv": [12, 2, 13, 3], "texture": "#0" },
        "up": { "uv": [14, 2, 12, 3], "texture": "#0" },
        "down": { "uv": [12, 2, 14, 3], "texture": "#0" }
      }
    },
    {
      "from": [12, 13, 15],
      "to": [14, 14, 16],
      "faces": {
        "north": { "uv": [14, 2, 12, 3], "texture": "#0" },
        "east": { "uv": [12, 2, 13, 3], "texture": "#0" },
        "south": { "uv": [12, 2, 14, 3], "texture": "#0" },
        "west": { "uv": [12, 2, 13, 3], "texture": "#0" },
        "up": { "uv": [12, 2, 14, 3], "texture": "#0" },
        "down": { "uv": [12, 2, 14, 3], "texture": "#0" }
      }
    },
    {
      "from": [2, 13, 15],
      "to": [4, 14, 16],
      "faces": {
        "north": { "uv": [4, 2, 2, 3], "texture": "#0" },
        "east": { "uv": [2, 2, 3, 3], "texture": "#0" },
        "south": { "uv": [2, 2, 4, 3], "texture": "#0" },
        "west": { "uv": [2, 2, 3, 3], "texture": "#0" },
        "up": { "uv": [2, 2, 4, 3], "texture": "#0" },
        "down": { "uv": [2, 2, 4, 3], "texture": "#0" }
      }
    },
    {
      "from": [0, 0, 0],
      "to": [16, 2, 1],
      "faces": {
        "north": { "uv": [16, 16, 0, 14], "texture": "#0" },
        "east": { "uv": [15, 14, 16, 16], "texture": "#0" },
        "south": { "uv": [0, 14, 16, 16], "texture": "#0" },
        "west": { "uv": [0, 14, 1, 16], "texture": "#0" },
        "up": { "uv": [0, 14, 16, 15], "texture": "#0" },
        "down": { "uv": [0, 15, 16, 16], "texture": "#0" }
      }
    },
    {
      "from": [0, 14, 0],
      "to": [16, 16, 1],
      "faces": {
        "north": { "uv": [16, 2, 0, 0], "texture": "#0" },
        "east": { "uv": [15, 0, 16, 2], "texture": "#0" },
        "south": { "uv": [0, 0, 16, 2], "texture": "#0" },
        "west": { "uv": [0, 0, 1, 2], "texture": "#0" },
        "up": { "uv": [0, 0, 16, 1], "texture": "#0" },
        "down": { "uv": [0, 1, 16, 2], "texture": "#0" }
      }
    },
    {
      "name": "glass",
      "from": [2, 3, 0],
      "to": [4, 13, 1],
      "faces": {
        "north": { "uv": [12, 3, 14, 13], "texture": "#0" },
        "south": { "uv": [2, 13, 4, 3], "texture": "#0" }
      }
    },
    {
      "name": "glass",
      "from": [12, 3, 0],
      "to": [14, 13, 1],
      "faces": {
        "north": { "uv": [2, 3, 4, 13], "texture": "#0" },
        "south": { "uv": [12, 13, 14, 3], "texture": "#0" }
      }
    },
    {
      "name": "glass",
      "from": [4, 2, 0],
      "to": [12, 14, 1],
      "faces": {
        "north": { "uv": [4, 2, 12, 14], "texture": "#0" },
        "south": { "uv": [4, 14, 12, 2], "texture": "#0" }
      }
    },
    {
      "from": [0, 2, 0],
      "to": [2, 14, 1],
      "faces": {
        "north": { "uv": [2, 2, 0, 14], "texture": "#0" },
        "east": { "uv": [0, 2, 1, 14], "texture": "#0" },
        "south": { "uv": [0, 2, 2, 14], "texture": "#0" },
        "west": { "uv": [1, 2, 2, 14], "texture": "#0" },
        "up": { "uv": [0, 2, 2, 3], "texture": "#0" },
        "down": { "uv": [0, 13, 2, 14], "texture": "#0" }
      }
    },
    {
      "from": [14, 2, 0],
      "to": [16, 14, 1],
      "faces": {
        "north": { "uv": [16, 2, 14, 14], "texture": "#0" },
        "east": { "uv": [14, 2, 15, 14], "texture": "#0" },
        "south": { "uv": [14, 2, 16, 14], "texture": "#0" },
        "west": { "uv": [15, 2, 16, 14], "texture": "#0" },
        "up": { "uv": [14, 2, 16, 3], "texture": "#0" },
        "down": { "uv": [14, 13, 16, 14], "texture": "#0" }
      }
    },
    {
      "from": [2, 2, 0],
      "to": [4, 3, 1],
      "faces": {
        "north": { "uv": [14, 2, 12, 3], "texture": "#0" },
        "east": { "uv": [12, 2, 13, 3], "texture": "#0" },
        "south": { "uv": [12, 2, 14, 3], "texture": "#0" },
        "west": { "uv": [12, 2, 13, 3], "texture": "#0" },
        "up": { "uv": [12, 2, 14, 3], "texture": "#0" },
        "down": { "uv": [12, 2, 14, 3], "texture": "#0" }
      }
    },
    {
      "from": [12, 2, 0],
      "to": [14, 3, 1],
      "faces": {
        "north": { "uv": [12, 2, 14, 3], "texture": "#0" },
        "east": { "uv": [12, 2, 13, 3], "texture": "#0" },
        "south": { "uv": [12, 2, 14, 3], "texture": "#0" },
        "west": { "uv": [12, 2, 13, 3], "texture": "#0" },
        "up": { "uv": [14, 2, 12, 3], "texture": "#0" },
        "down": { "uv": [12, 2, 14, 3], "texture": "#0" }
      }
    },
    {
      "from": [12, 13, 0],
      "to": [14, 14, 1],
      "faces": {
        "north": { "uv": [14, 2, 12, 3], "texture": "#0" },
        "east": { "uv": [12, 2, 13, 3], "texture": "#0" },
        "south": { "uv": [12, 2, 14, 3], "texture": "#0" },
        "west": { "uv": [12, 2, 13, 3], "texture": "#0" },
        "up": { "uv": [12, 2, 14, 3], "texture": "#0" },
        "down": { "uv": [12, 2, 14, 3], "texture": "#0" }
      }
    },
    {
      "from": [2, 13, 0],
      "to": [4, 14, 1],
      "faces": {
        "north": { "uv": [4, 2, 2, 3], "texture": "#0" },
        "east": { "uv": [2, 2, 3, 3], "texture": "#0" },
        "south": { "uv": [2, 2, 4, 3], "texture": "#0" },
        "west": { "uv": [2, 2, 3, 3], "texture": "#0" },
        "up": { "uv": [2, 2, 4, 3], "texture": "#0" },
        "down": { "uv": [2, 2, 4, 3], "texture": "#0" }
      }
    },
    {
      "from": [0, 14, 1],
      "to": [1, 16, 15],
      "faces": {
        "north": { "uv": [1, 0, 2, 2], "texture": "#0" },
        "east": { "uv": [15, 2, 1, 0], "texture": "#0" },
        "south": { "uv": [14, 0, 15, 2], "texture": "#0" },
        "west": { "uv": [1, 0, 15, 2], "texture": "#0" },
        "up": { "uv": [1, 0, 15, 1], "rotation": 90, "texture": "#0" },
        "down": { "uv": [1, 1, 15, 2], "rotation": 270, "texture": "#0" }
      }
    },
    {
      "from": [0, 0, 1],
      "to": [1, 2, 15],
      "faces": {
        "north": { "uv": [1, 14, 2, 16], "texture": "#0" },
        "east": { "uv": [15, 16, 1, 14], "texture": "#0" },
        "south": { "uv": [14, 14, 15, 16], "texture": "#0" },
        "west": { "uv": [1, 14, 15, 16], "texture": "#0" },
        "up": { "uv": [1, 14, 15, 15], "rotation": 90, "texture": "#0" },
        "down": { "uv": [1, 15, 15, 16], "rotation": 270, "texture": "#0" }
      }
    },
    {
      "name": "glass",
      "from": [0, 3, 2],
      "to": [1, 13, 4],
      "faces": {
        "east": { "uv": [12, 3, 14, 13], "texture": "#0" },
        "west": { "uv": [2, 13, 4, 3], "texture": "#0" }
      }
    },
    {
      "name": "glass",
      "from": [0, 3, 12],
      "to": [1, 13, 14],
      "faces": {
        "east": { "uv": [2, 3, 4, 13], "texture": "#0" },
        "west": { "uv": [12, 13, 14, 3], "texture": "#0" }
      }
    },
    {
      "name": "glass",
      "from": [0, 2, 4],
      "to": [1, 14, 12],
      "faces": {
        "east": { "uv": [4, 2, 12, 14], "texture": "#0" },
        "west": { "uv": [4, 14, 12, 2], "texture": "#0" }
      }
    },
    {
      "from": [0, 2, 1],
      "to": [1, 14, 2],
      "faces": {
        "north": { "uv": [1, 2, 2, 14], "texture": "#0" },
        "east": { "uv": [2, 2, 1, 14], "texture": "#0" },
        "south": { "uv": [1, 2, 2, 14], "texture": "#0" },
        "west": { "uv": [1, 2, 2, 14], "texture": "#0" },
        "up": { "uv": [1, 2, 2, 3], "rotation": 90, "texture": "#0" },
        "down": { "uv": [1, 13, 2, 14], "rotation": 270, "texture": "#0" }
      }
    },
    {
      "from": [0, 2, 14],
      "to": [1, 14, 15],
      "faces": {
        "north": { "uv": [14, 2, 15, 14], "texture": "#0" },
        "east": { "uv": [15, 2, 14, 14], "texture": "#0" },
        "south": { "uv": [14, 2, 15, 14], "texture": "#0" },
        "west": { "uv": [14, 2, 15, 14], "texture": "#0" },
        "up": { "uv": [14, 2, 15, 3], "rotation": 90, "texture": "#0" },
        "down": { "uv": [14, 13, 15, 14], "rotation": 270, "texture": "#0" }
      }
    },
    {
      "from": [0, 2, 2],
      "to": [1, 3, 4],
      "faces": {
        "north": { "uv": [12, 2, 13, 3], "texture": "#0" },
        "east": { "uv": [14, 2, 12, 3], "texture": "#0" },
        "south": { "uv": [12, 2, 13, 3], "texture": "#0" },
        "west": { "uv": [12, 2, 14, 3], "texture": "#0" },
        "up": { "uv": [12, 2, 14, 3], "rotation": 90, "texture": "#0" },
        "down": { "uv": [12, 2, 14, 3], "rotation": 270, "texture": "#0" }
      }
    },
    {
      "from": [0, 2, 12],
      "to": [1, 3, 14],
      "faces": {
        "north": { "uv": [12, 2, 13, 3], "texture": "#0" },
        "east": { "uv": [12, 2, 14, 3], "texture": "#0" },
        "south": { "uv": [12, 2, 13, 3], "texture": "#0" },
        "west": { "uv": [12, 2, 14, 3], "texture": "#0" },
        "up": { "uv": [14, 2, 12, 3], "rotation": 90, "texture": "#0" },
        "down": { "uv": [12, 2, 14, 3], "rotation": 270, "texture": "#0" }
      }
    },
    {
      "from": [0, 13, 12],
      "to": [1, 14, 14],
      "faces": {
        "north": { "uv": [12, 2, 13, 3], "texture": "#0" },
        "east": { "uv": [14, 2, 12, 3], "texture": "#0" },
        "south": { "uv": [12, 2, 13, 3], "texture": "#0" },
        "west": { "uv": [12, 2, 14, 3], "texture": "#0" },
        "up": { "uv": [12, 2, 14, 3], "rotation": 90, "texture": "#0" },
        "down": { "uv": [12, 2, 14, 3], "rotation": 270, "texture": "#0" }
      }
    },
    {
      "from": [0, 13, 2],
      "to": [1, 14, 4],
      "faces": {
        "north": { "uv": [2, 2, 3, 3], "texture": "#0" },
        "east": { "uv": [4, 2, 2, 3], "texture": "#0" },
        "south": { "uv": [2, 2, 3, 3], "texture": "#0" },
        "west": { "uv": [2, 2, 4, 3], "texture": "#0" },
        "up": { "uv": [2, 2, 4, 3], "rotation": 90, "texture": "#0" },
        "down": { "uv": [2, 2, 4, 3], "rotation": 270, "texture": "#0" }
      }
    },
    {
      "from": [14, 15, 1],
      "to": [15, 16, 15],
      "faces": {
        "north": { "uv": [1, 14, 2, 15], "rotation": 90, "texture": "#0" },
        "east": { "uv": [1, 14, 15, 15], "rotation": 180, "texture": "#0" },
        "south": { "uv": [14, 14, 15, 15], "rotation": 270, "texture": "#0" },
        "west": { "uv": [1, 14, 15, 15], "texture": "#0" },
        "up": { "uv": [15, 15, 1, 14], "rotation": 270, "texture": "#0" },
        "down": { "uv": [1, 14, 15, 15], "rotation": 270, "texture": "#0" }
      }
    },
    {
      "from": [1, 15, 1],
      "to": [2, 16, 15],
      "faces": {
        "north": { "uv": [1, 1, 2, 2], "rotation": 90, "texture": "#0" },
        "east": { "uv": [1, 1, 15, 2], "rotation": 180, "texture": "#0" },
        "south": { "uv": [14, 1, 15, 2], "rotation": 270, "texture": "#0" },
        "west": { "uv": [1, 1, 15, 2], "texture": "#0" },
        "up": { "uv": [15, 2, 1, 1], "rotation": 270, "texture": "#0" },
        "down": { "uv": [1, 1, 15, 2], "rotation": 270, "texture": "#0" }
      }
    },
    {
      "name": "glass",
      "from": [3, 15, 2],
      "to": [13, 16, 4],
      "faces": {
        "up": { "uv": [12, 3, 14, 13], "rotation": 270, "texture": "#0" },
        "down": { "uv": [2, 13, 4, 3], "rotation": 270, "texture": "#0" }
      }
    },
    {
      "name": "glass",
      "from": [3, 15, 12],
      "to": [13, 16, 14],
      "faces": {
        "up": { "uv": [2, 3, 4, 13], "rotation": 270, "texture": "#0" },
        "down": { "uv": [12, 13, 14, 3], "rotation": 270, "texture": "#0" }
      }
    },
    {
      "name": "glass",
      "from": [2, 15, 4],
      "to": [14, 16, 12],
      "faces": {
        "up": { "uv": [4, 2, 12, 14], "rotation": 270, "texture": "#0" },
        "down": { "uv": [4, 14, 12, 2], "rotation": 270, "texture": "#0" }
      }
    },
    {
      "from": [2, 15, 1],
      "to": [14, 16, 2],
      "faces": {
        "north": { "uv": [1, 2, 2, 14], "rotation": 90, "texture": "#0" },
        "east": { "uv": [1, 13, 2, 14], "rotation": 180, "texture": "#0" },
        "south": { "uv": [1, 2, 2, 14], "rotation": 270, "texture": "#0" },
        "west": { "uv": [1, 2, 2, 3], "texture": "#0" },
        "up": { "uv": [2, 2, 1, 14], "rotation": 270, "texture": "#0" },
        "down": { "uv": [1, 2, 2, 14], "rotation": 270, "texture": "#0" }
      }
    },
    {
      "from": [2, 15, 14],
      "to": [14, 16, 15],
      "faces": {
        "north": { "uv": [14, 2, 15, 14], "rotation": 90, "texture": "#0" },
        "east": { "uv": [14, 13, 15, 14], "rotation": 180, "texture": "#0" },
        "south": { "uv": [14, 2, 15, 14], "rotation": 270, "texture": "#0" },
        "west": { "uv": [14, 2, 15, 3], "texture": "#0" },
        "up": { "uv": [15, 2, 14, 14], "rotation": 270, "texture": "#0" },
        "down": { "uv": [14, 2, 15, 14], "rotation": 270, "texture": "#0" }
      }
    },
    {
      "from": [13, 15, 2],
      "to": [14, 16, 4],
      "faces": {
        "north": { "uv": [12, 2, 13, 3], "rotation": 90, "texture": "#0" },
        "east": { "uv": [12, 2, 14, 3], "rotation": 180, "texture": "#0" },
        "south": { "uv": [12, 2, 13, 3], "rotation": 270, "texture": "#0" },
        "west": { "uv": [12, 2, 14, 3], "texture": "#0" },
        "up": { "uv": [14, 2, 12, 3], "rotation": 270, "texture": "#0" },
        "down": { "uv": [12, 2, 14, 3], "rotation": 270, "texture": "#0" }
      }
    },
    {
      "from": [13, 15, 12],
      "to": [14, 16, 14],
      "faces": {
        "north": { "uv": [12, 2, 13, 3], "rotation": 90, "texture": "#0" },
        "east": { "uv": [12, 2, 14, 3], "rotation": 180, "texture": "#0" },
        "south": { "uv": [12, 2, 13, 3], "rotation": 270, "texture": "#0" },
        "west": { "uv": [14, 2, 12, 3], "texture": "#0" },
        "up": { "uv": [12, 2, 14, 3], "rotation": 270, "texture": "#0" },
        "down": { "uv": [12, 2, 14, 3], "rotation": 270, "texture": "#0" }
      }
    },
    {
      "from": [2, 15, 12],
      "to": [3, 16, 14],
      "faces": {
        "north": { "uv": [12, 2, 13, 3], "rotation": 90, "texture": "#0" },
        "east": { "uv": [12, 2, 14, 3], "rotation": 180, "texture": "#0" },
        "south": { "uv": [12, 2, 13, 3], "rotation": 270, "texture": "#0" },
        "west": { "uv": [12, 2, 14, 3], "texture": "#0" },
        "up": { "uv": [14, 2, 12, 3], "rotation": 270, "texture": "#0" },
        "down": { "uv": [12, 2, 14, 3], "rotation": 270, "texture": "#0" }
      }
    },
    {
      "from": [2, 15, 2],
      "to": [3, 16, 4],
      "faces": {
        "north": { "uv": [2, 2, 3, 3], "rotation": 90, "texture": "#0" },
        "east": { "uv": [2, 2, 4, 3], "rotation": 180, "texture": "#0" },
        "south": { "uv": [2, 2, 3, 3], "rotation": 270, "texture": "#0" },
        "west": { "uv": [2, 2, 4, 3], "texture": "#0" },
        "up": { "uv": [4, 2, 2, 3], "rotation": 270, "texture": "#0" },
        "down": { "uv": [2, 2, 4, 3], "rotation": 270, "texture": "#0" }
      }
    },
    {
      "from": [14, 0, 1],
      "to": [15, 1, 15],
      "faces": {
        "north": { "uv": [1, 14, 2, 15], "rotation": 90, "texture": "#0" },
        "east": { "uv": [1, 14, 15, 15], "rotation": 180, "texture": "#0" },
        "south": { "uv": [14, 14, 15, 15], "rotation": 270, "texture": "#0" },
        "west": { "uv": [1, 14, 15, 15], "texture": "#0" },
        "up": { "uv": [15, 15, 1, 14], "rotation": 270, "texture": "#0" },
        "down": { "uv": [1, 14, 15, 15], "rotation": 270, "texture": "#0" }
      }
    },
    {
      "from": [1, 0, 1],
      "to": [2, 1, 15],
      "faces": {
        "north": { "uv": [1, 1, 2, 2], "rotation": 90, "texture": "#0" },
        "east": { "uv": [1, 1, 15, 2], "rotation": 180, "texture": "#0" },
        "south": { "uv": [14, 1, 15, 2], "rotation": 270, "texture": "#0" },
        "west": { "uv": [1, 1, 15, 2], "texture": "#0" },
        "up": { "uv": [15, 2, 1, 1], "rotation": 270, "texture": "#0" },
        "down": { "uv": [1, 1, 15, 2], "rotation": 270, "texture": "#0" }
      }
    },
    {
      "name": "glass",
      "from": [3, 0, 2],
      "to": [13, 1, 4],
      "faces": {
        "up": { "uv": [12, 3, 14, 13], "rotation": 270, "texture": "#0" },
        "down": { "uv": [2, 13, 4, 3], "rotation": 270, "texture": "#0" }
      }
    },
    {
      "name": "glass",
      "from": [3, 0, 12],
      "to": [13, 1, 14],
      "faces": {
        "up": { "uv": [2, 3, 4, 13], "rotation": 270, "texture": "#0" },
        "down": { "uv": [12, 13, 14, 3], "rotation": 270, "texture": "#0" }
      }
    },
    {
      "name": "glass",
      "from": [2, 0, 4],
      "to": [14, 1, 12],
      "faces": {
        "up": { "uv": [4, 2, 12, 14], "rotation": 270, "texture": "#0" },
        "down": { "uv": [4, 14, 12, 2], "rotation": 270, "texture": "#0" }
      }
    },
    {
      "from": [2, 0, 1],
      "to": [14, 1, 2],
      "faces": {
        "north": { "uv": [1, 2, 2, 14], "rotation": 90, "texture": "#0" },
        "east": { "uv": [1, 13, 2, 14], "rotation": 180, "texture": "#0" },
        "south": { "uv": [1, 2, 2, 14], "rotation": 270, "texture": "#0" },
        "west": { "uv": [1, 2, 2, 3], "texture": "#0" },
        "up": { "uv": [2, 2, 1, 14], "rotation": 270, "texture": "#0" },
        "down": { "uv": [1, 2, 2, 14], "rotation": 270, "texture": "#0" }
      }
    },
    {
      "from": [2, 0, 14],
      "to": [14, 1, 15],
      "faces": {
        "north": { "uv": [14, 2, 15, 14], "rotation": 90, "texture": "#0" },
        "east": { "uv": [14, 13, 15, 14], "rotation": 180, "texture": "#0" },
        "south": { "uv": [14, 2, 15, 14], "rotation": 270, "texture": "#0" },
        "west": { "uv": [14, 2, 15, 3], "texture": "#0" },
        "up": { "uv": [15, 2, 14, 14], "rotation": 270, "texture": "#0" },
        "down": { "uv": [14, 2, 15, 14], "rotation": 270, "texture": "#0" }
      }
    },
    {
      "from": [13, 0, 2],
      "to": [14, 1, 4],
      "faces": {
        "north": { "uv": [12, 2, 13, 3], "rotation": 90, "texture": "#0" },
        "east": { "uv": [12, 2, 14, 3], "rotation": 180, "texture": "#0" },
        "south": { "uv": [12, 2, 13, 3], "rotation": 270, "texture": "#0" },
        "west": { "uv": [12, 2, 14, 3], "texture": "#0" },
        "up": { "uv": [14, 2, 12, 3], "rotation": 270, "texture": "#0" },
        "down": { "uv": [12, 2, 14, 3], "rotation": 270, "texture": "#0" }
      }
    },
    {
      "from": [13, 0, 12],
      "to": [14, 1, 14],
      "faces": {
        "north": { "uv": [12, 2, 13, 3], "rotation": 90, "texture": "#0" },
        "east": { "uv": [12, 2, 14, 3], "rotation": 180, "texture": "#0" },
        "south": { "uv": [12, 2, 13, 3], "rotation": 270, "texture": "#0" },
        "west": { "uv": [14, 2, 12, 3], "texture": "#0" },
        "up": { "uv": [12, 2, 14, 3], "rotation": 270, "texture": "#0" },
        "down": { "uv": [12, 2, 14, 3], "rotation": 270, "texture": "#0" }
      }
    },
    {
      "from": [2, 0, 12],
      "to": [3, 1, 14],
      "faces": {
        "north": { "uv": [12, 2, 13, 3], "rotation": 90, "texture": "#0" },
        "east": { "uv": [12, 2, 14, 3], "rotation": 180, "texture": "#0" },
        "south": { "uv": [12, 2, 13, 3], "rotation": 270, "texture": "#0" },
        "west": { "uv": [12, 2, 14, 3], "texture": "#0" },
        "up": { "uv": [14, 2, 12, 3], "rotation": 270, "texture": "#0" },
        "down": { "uv": [12, 2, 14, 3], "rotation": 270, "texture": "#0" }
      }
    },
    {
      "from": [2, 0, 2],
      "to": [3, 1, 4],
      "faces": {
        "north": { "uv": [2, 2, 3, 3], "rotation": 90, "texture": "#0" },
        "east": { "uv": [2, 2, 4, 3], "rotation": 180, "texture": "#0" },
        "south": { "uv": [2, 2, 3, 3], "rotation": 270, "texture": "#0" },
        "west": { "uv": [2, 2, 4, 3], "texture": "#0" },
        "up": { "uv": [4, 2, 2, 3], "rotation": 270, "texture": "#0" },
        "down": { "uv": [2, 2, 4, 3], "rotation": 270, "texture": "#0" }
      }
    },
    {
      "from": [15, 14, 1],
      "to": [16, 16, 15],
      "faces": {
        "north": { "uv": [1, 0, 2, 2], "texture": "#0" },
        "east": { "uv": [15, 2, 1, 0], "texture": "#0" },
        "south": { "uv": [14, 0, 15, 2], "texture": "#0" },
        "west": { "uv": [1, 0, 15, 2], "texture": "#0" },
        "up": { "uv": [1, 0, 15, 1], "rotation": 90, "texture": "#0" },
        "down": { "uv": [1, 1, 15, 2], "rotation": 270, "texture": "#0" }
      }
    },
    {
      "from": [15, 0, 1],
      "to": [16, 2, 15],
      "faces": {
        "north": { "uv": [1, 14, 2, 16], "texture": "#0" },
        "east": { "uv": [15, 16, 1, 14], "texture": "#0" },
        "south": { "uv": [14, 14, 15, 16], "texture": "#0" },
        "west": { "uv": [1, 14, 15, 16], "texture": "#0" },
        "up": { "uv": [1, 14, 15, 15], "rotation": 90, "texture": "#0" },
        "down": { "uv": [1, 15, 15, 16], "rotation": 270, "texture": "#0" }
      }
    },
    {
      "name": "glass",
      "from": [15, 3, 2],
      "to": [16, 13, 4],
      "faces": {
        "east": { "uv": [12, 3, 14, 13], "texture": "#0" },
        "west": { "uv": [2, 13, 4, 3], "texture": "#0" }
      }
    },
    {
      "name": "glass",
      "from": [15, 3, 12],
      "to": [16, 13, 14],
      "faces": {
        "east": { "uv": [2, 3, 4, 13], "texture": "#0" },
        "west": { "uv": [12, 13, 14, 3], "texture": "#0" }
      }
    },
    {
      "name": "glass",
      "from": [15, 2, 4],
      "to": [16, 14, 12],
      "faces": {
        "east": { "uv": [4, 2, 12, 14], "texture": "#0" },
        "west": { "uv": [4, 14, 12, 2], "texture": "#0" }
      }
    },
    {
      "from": [15, 2, 1],
      "to": [16, 14, 2],
      "faces": {
        "north": { "uv": [1, 2, 2, 14], "texture": "#0" },
        "east": { "uv": [2, 2, 1, 14], "texture": "#0" },
        "south": { "uv": [1, 2, 2, 14], "texture": "#0" },
        "west": { "uv": [1, 2, 2, 14], "texture": "#0" },
        "up": { "uv": [1, 2, 2, 3], "rotation": 90, "texture": "#0" },
        "down": { "uv": [1, 13, 2, 14], "rotation": 270, "texture": "#0" }
      }
    },
    {
      "from": [15, 2, 14],
      "to": [16, 14, 15],
      "faces": {
        "north": { "uv": [14, 2, 15, 14], "texture": "#0" },
        "east": { "uv": [15, 2, 14, 14], "texture": "#0" },
        "south": { "uv": [14, 2, 15, 14], "texture": "#0" },
        "west": { "uv": [14, 2, 15, 14], "texture": "#0" },
        "up": { "uv": [14, 2, 15, 3], "rotation": 90, "texture": "#0" },
        "down": { "uv": [14, 13, 15, 14], "rotation": 270, "texture": "#0" }
      }
    },
    {
      "from": [15, 2, 2],
      "to": [16, 3, 4],
      "faces": {
        "north": { "uv": [12, 2, 13, 3], "texture": "#0" },
        "east": { "uv": [14, 2, 12, 3], "texture": "#0" },
        "south": { "uv": [12, 2, 13, 3], "texture": "#0" },
        "west": { "uv": [12, 2, 14, 3], "texture": "#0" },
        "up": { "uv": [12, 2, 14, 3], "rotation": 90, "texture": "#0" },
        "down": { "uv": [12, 2, 14, 3], "rotation": 270, "texture": "#0" }
      }
    },
    {
      "from": [15, 2, 12],
      "to": [16, 3, 14],
      "faces": {
        "north": { "uv": [12, 2, 13, 3], "texture": "#0" },
        "east": { "uv": [12, 2, 14, 3], "texture": "#0" },
        "south": { "uv": [12, 2, 13, 3], "texture": "#0" },
        "west": { "uv": [12, 2, 14, 3], "texture": "#0" },
        "up": { "uv": [14, 2, 12, 3], "rotation": 90, "texture": "#0" },
        "down": { "uv": [12, 2, 14, 3], "rotation": 270, "texture": "#0" }
      }
    },
    {
      "from": [15, 13, 12],
      "to": [16, 14, 14],
      "faces": {
        "north": { "uv": [12, 2, 13, 3], "texture": "#0" },
        "east": { "uv": [14, 2, 12, 3], "texture": "#0" },
        "south": { "uv": [12, 2, 13, 3], "texture": "#0" },
        "west": { "uv": [12, 2, 14, 3], "texture": "#0" },
        "up": { "uv": [12, 2, 14, 3], "rotation": 90, "texture": "#0" },
        "down": { "uv": [12, 2, 14, 3], "rotation": 270, "texture": "#0" }
      }
    },
    {
      "from": [15, 13, 2],
      "to": [16, 14, 4],
      "faces": {
        "north": { "uv": [2, 2, 3, 3], "texture": "#0" },
        "east": { "uv": [4, 2, 2, 3], "texture": "#0" },
        "south": { "uv": [2, 2, 3, 3], "texture": "#0" },
        "west": { "uv": [2, 2, 4, 3], "texture": "#0" },
        "up": { "uv": [2, 2, 4, 3], "rotation": 90, "texture": "#0" },
        "down": { "uv": [2, 2, 4, 3], "rotation": 270, "texture": "#0" }
      }
    }
  ],
  "groups": [
    {
      "name": "tank",
      "origin": [0, 0, 0],
      "color": 0,
      "children": [
        {
          "name": "south",
          "origin": [0, 0, 0],
          "color": 0,
          "children": [0, 1, 2, 3, 4, 5, 6, 7, 8, 9, 10]
        },
        {
          "name": "north",
          "origin": [0, 0, 0],
          "color": 0,
          "children": [11, 12, 13, 14, 15, 16, 17, 18, 19, 20, 21]
        },
        {
          "name": "east",
          "origin": [0, 0, 0],
          "color": 0,
          "children": [22, 23, 24, 25, 26, 27, 28, 29, 30, 31, 32]
        },
        {
          "name": "top",
          "origin": [0, 0, 0],
          "color": 0,
          "children": [33, 34, 35, 36, 37, 38, 39, 40, 41, 42, 43]
        },
        {
          "name": "bottom",
          "origin": [0, 0, 0],
          "color": 0,
          "children": [44, 45, 46, 47, 48, 49, 50, 51, 52, 53, 54]
        },
        {
          "name": "west",
          "origin": [0, 0, 0],
          "color": 0,
          "children": [55, 56, 57, 58, 59, 60, 61, 62, 63, 64, 65]
        }
      ]
    }
  ]
}
