{
  "credit": "Made with Blockbench",
  "parent": "block/block",
  "textures": {
    "particle": "ae2:block/wireless_access_point_inside",
    "inside": "ae2:block/wireless_access_point_inside",
    "sides": "ae2:part/monitor_sides",
    "sidesStatus": "ae2:part/monitor_sides_status"
  },
  "elements": [
    {
      "from": [5, 5, 15],
      "to": [11, 11, 16],
      "rotation": { "angle": 0, "axis": "y", "origin": [0, 0, 16] },
      "faces": {
        "north": { "uv": [11, 5, 5, 11], "texture": "#sides" },
        "east": { "uv": [16, 5, 15, 11], "texture": "#sidesStatus" },
        "south": { "uv": [11, 5, 5, 11], "texture": "#sides" },
        "west": { "uv": [1, 5, 0, 11], "texture": "#sidesStatus" },
        "up": { "uv": [5, 1, 11, 0], "texture": "#sidesStatus" },
        "down": { "uv": [5, 16, 11, 15], "texture": "#sidesStatus" }
      }
    },
    {
      "from": [5, 5, 14],
      "to": [11, 11, 15],
      "rotation": { "angle": 0, "axis": "y", "origin": [0, 0, 16] },
      "faces": {
        "north": { "uv": [11, 5, 5, 11], "texture": "#inside" },
        "east": { "uv": [15, 5, 14, 11], "texture": "#sides" },
        "south": { "uv": [11, 5, 5, 11], "texture": "#inside" },
        "west": { "uv": [2, 5, 1, 11], "texture": "#sides" },
        "up": { "uv": [5, 2, 11, 1], "texture": "#sides" },
        "down": { "uv": [5, 15, 11, 14], "texture": "#sides" }
      }
    },
    {
      "name": "Side Antenna I Up",
      "from": [6, 10, 12],
      "to": [10, 12, 14],
      "rotation": { "angle": 0, "axis": "y", "origin": [0, 0, 16] },
      "faces": {
        "north": { "uv": [10, 4, 6, 6], "texture": "#inside" },
        "east": { "uv": [14, 4, 12, 6], "texture": "#sides" },
        "south": { "uv": [10, 4, 6, 6], "texture": "#inside" },
        "west": { "uv": [4, 4, 2, 6], "texture": "#sides" },
        "up": { "uv": [6, 4, 10, 2], "texture": "#sides" },
        "down": { "uv": [6, 14, 10, 12], "texture": "#sides" }
      }
    },
    {
      "name": "Side Antenna I Down",
      "from": [6, 4, 12],
      "to": [10, 6, 14],
      "rotation": { "angle": 0, "axis": "y", "origin": [0, 0, 16] },
      "faces": {
        "north": { "uv": [10, 10, 6, 12], "texture": "#inside" },
        "east": { "uv": [14, 10, 12, 12], "texture": "#sides" },
        "south": { "uv": [10, 10, 6, 12], "texture": "#inside" },
        "west": { "uv": [4, 10, 2, 12], "texture": "#sides" },
        "up": { "uv": [6, 4, 10, 2], "texture": "#sides" },
        "down": { "uv": [6, 14, 10, 12], "texture": "#sides" }
      }
    },
    {
      "name": "Side Antenna I West",
      "from": [4, 6, 12],
      "to": [6, 10, 14],
      "rotation": { "angle": 0, "axis": "y", "origin": [0, 0, 16] },
      "faces": {
        "north": { "uv": [6, 6, 4, 10], "texture": "#inside" },
        "east": { "uv": [14, 6, 12, 10], "texture": "#sides" },
        "south": { "uv": [12, 6, 10, 10], "texture": "#inside" },
        "west": { "uv": [4, 6, 2, 10], "texture": "#sides" },
        "up": { "uv": [4, 4, 6, 2], "texture": "#sides" },
        "down": { "uv": [4, 14, 6, 12], "texture": "#sides" }
      }
    },
    {
      "name": "Side Antenna I East",
      "from": [10, 6, 12],
      "to": [12, 10, 14],
      "rotation": { "angle": 0, "axis": "y", "origin": [0, 0, 16] },
      "faces": {
        "north": { "uv": [12, 6, 10, 10], "texture": "#inside" },
        "east": { "uv": [14, 6, 12, 10], "texture": "#sides" },
        "south": { "uv": [6, 6, 4, 10], "texture": "#inside" },
        "west": { "uv": [4, 6, 2, 10], "texture": "#sides" },
        "up": { "uv": [10, 4, 12, 2], "texture": "#sides" },
        "down": { "uv": [10, 14, 12, 12], "texture": "#sides" }
      }
    },
    {
      "name": "Side Antenna II Up",
      "from": [7, 12, 10],
      "to": [9, 13, 13],
      "rotation": { "angle": 0, "axis": "y", "origin": [0, 0, 16] },
      "faces": {
        "north": { "uv": [9, 3, 7, 4], "texture": "#inside" },
        "east": { "uv": [13, 3, 10, 4], "texture": "#sides" },
        "south": { "uv": [9, 3, 7, 4], "texture": "#inside" },
        "west": { "uv": [6, 3, 3, 4], "texture": "#sides" },
        "up": { "uv": [7, 6, 9, 3], "texture": "#sides" },
        "down": { "uv": [7, 13, 9, 10], "texture": "#sides" }
      }
    },
    {
      "name": "Side Antenna II Down",
      "from": [7, 3, 10],
      "to": [9, 4, 13],
      "rotation": { "angle": 0, "axis": "y", "origin": [0, 0, 16] },
      "faces": {
        "north": { "uv": [9, 12, 7, 13], "texture": "#inside" },
        "east": { "uv": [13, 12, 10, 13], "texture": "#sides" },
        "south": { "uv": [9, 12, 7, 13], "texture": "#inside" },
        "west": { "uv": [6, 12, 3, 13], "texture": "#sides" },
        "up": { "uv": [7, 6, 9, 3], "texture": "#sides" },
        "down": { "uv": [7, 13, 9, 10], "texture": "#sides" }
      }
    },
    {
      "name": "Side Antenna II West",
      "from": [3, 7, 10],
      "to": [4, 9, 13],
      "rotation": { "angle": 0, "axis": "y", "origin": [0, 0, 16] },
      "faces": {
        "north": { "uv": [4, 7, 3, 9], "texture": "#inside" },
        "east": { "uv": [13, 7, 10, 9], "texture": "#sides" },
        "south": { "uv": [13, 7, 12, 9], "texture": "#inside" },
        "west": { "uv": [6, 7, 3, 9], "texture": "#sides" },
        "up": { "uv": [3, 6, 4, 3], "texture": "#sides" },
        "down": { "uv": [3, 13, 4, 10], "texture": "#sides" }
      }
    },
    {
      "name": "Side Antenna II East",
      "from": [12, 7, 10],
      "to": [13, 9, 13],
      "rotation": { "angle": 0, "axis": "y", "origin": [0, 0, 16] },
      "faces": {
        "north": { "uv": [13, 7, 12, 9], "texture": "#inside" },
        "east": { "uv": [13, 7, 10, 9], "texture": "#sides" },
        "south": { "uv": [4, 7, 3, 9], "texture": "#inside" },
        "west": { "uv": [6, 7, 3, 9], "texture": "#sides" },
        "up": { "uv": [12, 6, 13, 3], "texture": "#sides" },
        "down": { "uv": [12, 13, 13, 10], "texture": "#sides" }
      }
    }
  ]
}
