{
  "credit": "Made with Blockbench",
  "textures": {
    "indicator": "ae2:part/monitor_sides_status_on"
  },
  "elements": [
    {
      "from": [5, 5, 15],
      "to": [11, 11, 16],
      "rotation": { "angle": 0, "axis": "y", "origin": [0, 0, 16] },
      "faces": {
        "east": {
          "uv": [16, 5, 15, 11],
          "texture": "#indicator",
          "tintindex": 3
        },
        "west": {
          "uv": [1, 5, 0, 11],
          "texture": "#indicator",
          "tintindex": 3
        },
        "up": { "uv": [5, 1, 11, 0], "texture": "#indicator", "tintindex": 3 },
        "down": {
          "uv": [5, 16, 11, 15],
          "texture": "#indicator",
          "tintindex": 3
        }
      }
    }
  ]
}
