{
  "credit": "Made with Blockbench",
  "ambientocclusion": false,
  "textures": {
    "torch": "ae2:block/wireless_access_point_on"
  },
  "elements": [
    {
      "from": [7, 7, 10],
      "to": [9, 9, 15],
      "rotation": { "angle": 0, "axis": "y", "origin": [0, 0, 16] },
      "faces": {
        "east": { "uv": [6, 7, 1, 9], "rotation": 180, "texture": "#torch" },
        "west": { "uv": [6, 7, 1, 9], "texture": "#torch" },
        "up": { "uv": [6, 7, 1, 9], "rotation": 90, "texture": "#torch" },
        "down": { "uv": [6, 7, 1, 9], "rotation": 270, "texture": "#torch" }
      }
    },
    {
      "from": [7, 7, 7],
      "to": [9, 9, 9],
      "shade": false,
      "rotation": { "angle": 0, "axis": "y", "origin": [0, 0, 16] },
      "faces": {
        "north": { "uv": [7, 9, 9, 7], "rotation": 270, "texture": "#torch" }
      }
    },
    {
      "from": [6, 7, 6],
      "to": [10, 9, 10],
      "shade": false,
      "rotation": { "angle": 0, "axis": "y", "origin": [0, 0, 16] },
      "faces": {
        "up": { "uv": [10, 6, 6, 10], "rotation": 90, "texture": "#torch" },
        "down": { "uv": [10, 6, 6, 10], "rotation": 270, "texture": "#torch" }
      }
    },
    {
      "from": [7, 6, 6],
      "to": [9, 10, 10],
      "shade": false,
      "rotation": { "angle": 0, "axis": "y", "origin": [0, 0, 16] },
      "faces": {
        "east": { "uv": [10, 6, 6, 10], "rotation": 180, "texture": "#torch" },
        "west": { "uv": [10, 6, 6, 10], "texture": "#torch" }
      }
    }
  ]
}
