{
  "credit": "Made with Blockbench",
  "textures": {
    "indicator": "ae2:part/monitor_sides_status_off"
  },
  "elements": [
    {
      "from": [5, 5, 15],
      "to": [11, 11, 16],
      "rotation": { "angle": 0, "axis": "y", "origin": [0, 0, 16] },
      "faces": {
        "east": { "uv": [16, 5, 15, 11], "texture": "#indicator" },
        "west": { "uv": [1, 5, 0, 11], "texture": "#indicator" },
        "up": { "uv": [5, 1, 11, 0], "texture": "#indicator" },
        "down": { "uv": [5, 16, 11, 15], "texture": "#indicator" }
      }
    }
  ]
}
